beta_lower,beta_upper,AIC,BIC
-0.5,0.5,282.2313905186538,291.92471636921755
-1.0,1.0,290.4375436473246,300.1308694978884
-1.5,1.5,303.74345273397904,313.43677858454276
-2.0,2.0,319.25647462227215,328.949800472836
-2.5,2.5,322.22116941259395,331.9144952631578
-3.0,3.0,324.8811493175141,334.5744751680778
-3.5,3.5,331.4733261191004,341.1666519696642
-4.0,4.0,332.9536400719563,342.64696592252005
-4.5,4.5,335.0622887758319,344.7556146263957
-5.0,5.0,336.54279001869827,346.23611586926205
