beta_lower,beta_upper,AIC,BIC,mean_beta
-5.0,5.0,259.03657653039664,266.6019422615437,0.5833188070652173
-4.0,4.0,260.1241864581429,267.68955218929005,0.3183130717391304
-3.0,3.0,259.192044065414,266.7574097965611,0.2098957104347826
-2.0,2.0,259.61945270244433,267.18481843359143,0.1945529806521739
-1.0,1.0,261.6954873593361,269.2608530904832,0.10091210923913041
-0.5,0.5,264.57290302305444,272.13826875420153,0.059684357500000014
-0.1,0.1,269.20254460214875,276.76791033329584,0.017493941630434783
-0.01,0.01,270.73680273330694,278.30216846445404,0.001636582282608695
