participant_id,best_nll,best_initial_guess,best_parameters,total_nll,AIC,BIC
4,99.81276243394194,"[0.9545207881226175, 0.05618258717922109, 0.4675403799730897]",[0.36443209 0.01835919 0.5       ],99.81276243394194,205.62552486788388,206.21719859989253
63,68.85663283438792,"[0.536336649008704, 0.49316320474188924, -0.18690876227826825]",[1.42229117 0.24712038 0.20327275],168.66939526832988,143.71326566877585,144.30493940078452
74,82.06835126126784,"[1.1078204762506911, 0.02190908681729875, 0.2110583470273052]",[ 0.21938063  0.10315639 -0.5       ],250.7377465295977,170.13670252253567,170.72837625454434
79,105.79089969372032,"[2.7546782124645186, 0.6336758919608126, 0.11897494885170956]",[ 0.29683359  1.         -0.5       ],356.528646223318,217.58179938744064,218.17347311944928
111,67.22221733873252,"[0.37303539716055933, 0.4091135692971293, 0.12199636156163518]",[0.48456109 0.01202313 0.5       ],423.75086356205054,140.44443467746504,141.03610840947368
165,53.968032558875265,"[3.934973768541953, 0.44754563398431146, 0.03985086526038106]",[ 1.3707378   0.54117262 -0.17411896],477.7188961209258,113.93606511775053,114.52773884975919
193,91.09836860873472,"[0.793401795957025, 0.24833753396798042, 0.41790603653470504]",[0.31560766 0.00513594 0.5       ],568.8172647296606,188.19673721746943,188.78841094947808
213,116.87635057900435,"[3.287588732762706, 0.9357328178456015, -0.06196518697554043]",[ 0.13286416  0.0883799  -0.19373866],685.6936153086649,239.7527011580087,240.34437489001738
215,103.20534381882008,"[4.447372481030937, 0.45485300472001977, 0.3614345987586177]",[ 0.27112367  0.92220806 -0.5       ],788.898959127485,212.41068763764017,213.00236136964884
